vendor_id,vendor_name,category,city,unit,unit_price_inr,quality_score,defect_rate_pct,on_time_delivery_pct,lead_time_days,moq,payment_terms_days,iso_certified,years_in_business,disputes_last_2y,notes
CB01,Ganga Packaging Industries,Corrugated Boxes (5-ply),Greater Noida,box,44.50,8.2,1.2,94,6,2000,45,Yes,18,0,Plant 9 km from our factory; supplies two other appliance makers
CB02,Shree Balaji Corrugators,Corrugated Boxes (5-ply),Ghaziabad,box,38.75,6.1,3.8,81,5,1000,30,No,7,2,Lowest price in the market; two short-supply disputes in 2025
CB03,PackRight Solutions,Corrugated Boxes (5-ply),Faridabad,box,46.20,8.8,0.8,97,8,3000,60,Yes,22,0,Offers printed boxes with in-house design; premium pricing
CB04,Yamuna Kraft & Cartons,Corrugated Boxes (5-ply),Sonipat,box,41.90,7.4,1.9,89,7,1500,45,Yes,11,1,Capacity tight during Oct-Dec festive season
CB05,Delhi Box House,Corrugated Boxes (5-ply),Delhi,box,40.10,6.8,2.6,86,4,500,15,No,5,0,Small unit; very flexible on small urgent orders
CB06,NorthStar Packaging,Corrugated Boxes (5-ply),Manesar,box,51.80,9.1,0.6,98,10,5000,60,Yes,26,0,Supplies large MNCs; long lead time and high MOQ
CW01,Hindustan Copper Wires,Copper Winding Wire (Super-enamelled),Silvassa,kg,912.00,8.9,0.5,95,14,500,45,Yes,30,0,BIS-certified; price linked to LME copper monthly
CW02,Rathi Enamelled Wires,Copper Winding Wire (Super-enamelled),Ludhiana,kg,868.00,7.2,1.6,88,10,300,30,Yes,12,1,Good price; one quality complaint on insulation in 2025
CW03,Precision Magnet Wire Co.,Copper Winding Wire (Super-enamelled),Pune,kg,935.00,9.3,0.3,97,18,1000,60,Yes,35,0,Best quality in category; slow and needs large orders
CW04,Sai Ram Conductors,Copper Winding Wire (Super-enamelled),Jaipur,kg,859.00,6.4,2.9,79,9,200,15,No,6,3,Cheapest; three delayed shipments last year
CW05,Unicorn Wires & Cables,Copper Winding Wire (Super-enamelled),Bhiwadi,kg,889.00,8.1,0.9,92,7,250,45,Yes,15,0,Close to NCR; can hold buffer stock for us
CW06,Kalinga Electro Wires,Copper Winding Wire (Super-enamelled),Bhubaneswar,kg,874.00,7.6,1.3,85,16,400,60,Yes,9,1,Long transit to NCR; generous credit terms
AB01,Moulded Tech India,ABS Mixer Jar Body,Noida,piece,72.40,8.4,1.1,93,12,1000,45,Yes,14,0,Owns 6 injection machines; makes own moulds
AB02,Polyform Plastics,ABS Mixer Jar Body,Rajkot,piece,64.90,7.0,2.4,87,15,2000,30,Yes,10,1,Rajkot appliance cluster; good price on volume
AB03,Vardhman Polymers,ABS Mixer Jar Body,Gurugram,piece,79.50,9.0,0.7,96,10,1000,60,Yes,20,0,Food-grade certified material; supplies premium brands
AB04,Quick Mould Industries,ABS Mixer Jar Body,Ghaziabad,piece,62.30,5.9,4.2,78,8,500,15,No,4,2,New vendor; low price but high rejection in trial batch
AB05,Ankur Plastomers,ABS Mixer Jar Body,Kundli,piece,68.80,7.9,1.4,91,11,1500,45,Yes,13,0,Steady supplier; limited to 40000 pieces per month
AB06,Shivam Injection Moulders,ABS Mixer Jar Body,Baddi,piece,70.10,7.7,1.5,90,13,1000,45,Yes,16,0,Tax-benefit zone; similar quality to Ankur
PC01,Finecab Cords Pvt Ltd,Power Cord with 3-pin Plug,Delhi,piece,47.60,8.3,0.9,94,7,1000,45,Yes,17,0,ISI-marked plugs; reliable for 5 years with us
PC02,Lumen Cables,Power Cord with 3-pin Plug,Haridwar,piece,43.20,7.5,1.7,90,9,2000,30,Yes,9,0,Good value; capacity available
PC03,Orbit Electricals,Power Cord with 3-pin Plug,Mumbai,piece,52.90,9.2,0.4,98,12,1000,60,Yes,28,0,Premium vendor; exports to Middle East
PC04,Max Power Wires,Power Cord with 3-pin Plug,Ghaziabad,piece,41.10,6.2,3.5,82,5,500,15,No,5,1,Cheapest; plug pins failed one batch test
PC05,Trident Cable Works,Power Cord with 3-pin Plug,Bhiwadi,piece,44.80,8.0,1.0,93,8,1500,45,Yes,12,0,Can co-pack cords with our jar bodies
PC06,Shakun Electro Products,Power Cord with 3-pin Plug,Kanpur,piece,45.30,7.8,1.2,88,10,1000,60,Yes,19,0,Long credit; average delivery record
TR01,NCR Roadlines,Inbound Transport (32 ft truck trip),Delhi,trip,16200,8.0,0.8,93,1,1,30,Yes,21,0,GPS-tracked fleet of 60 trucks
TR02,Speedways Logistics,Inbound Transport (32 ft truck trip),Gurugram,trip,14800,6.9,2.1,84,2,1,15,No,8,2,Cheapest; two damaged-goods claims pending
TR03,Safexpress Partner Hub,Inbound Transport (32 ft truck trip),Noida,trip,18900,9.2,0.3,98,1,1,45,Yes,25,0,Insured transit; premium service
TR04,Om Sai Transport Co.,Inbound Transport (32 ft truck trip),Ghaziabad,trip,15100,7.1,1.6,87,2,1,30,No,12,1,Owner-driven fleet; flexible night loading
TR05,Bharat Cargo Movers,Inbound Transport (32 ft truck trip),Faridabad,trip,15900,7.8,1.1,91,1,1,45,Yes,14,0,Dedicated trucks possible on monthly contract
TR06,Highway King Carriers,Inbound Transport (32 ft truck trip),Sonipat,trip,16800,8.4,0.7,95,2,1,60,Yes,17,0,Good record; slightly costly
